{"_default": {"1": {"uid": 7807072794, "username": "hold", "timestamp": 1739993011.181036}, "2": {"uid": 199219215, "username": "Hold Fast", "timestamp": 1739993016.077693}}}